UNITID,mean_earnings_after10,median_earnings_after10,Sat_Mp_Critical_Reading,Sat_Mp_Math
100654,35500,31000,425.0,420.0
100663,48400,41200,560.0,575.0
100706,52000,46700,590.0,610.0
100724,30600,27700,415.0,410.0
100751,51600,44500,550.0,555.0
100830,38000,33300,465.0,470.0
100858,56300,48800,575.0,585.0
100937,53100,46700,555.0,530.0
101189,40700,35400,500.0,500.0
101435,43600,39900,473.0,475.0
101480,38100,35800,500.0,495.0
101541,29300,26100,581.0,531.0
101587,40400,37400,480.0,460.0
101648,49800,42700,540.0,555.0
101693,38700,35200,485.0,500.0
101709,36100,34200,530.0,520.0
101879,42800,37800,475.0,483.0
101912,37400,29700,455.0,425.0
102049,59800,49900,570.0,559.0
102094,46800,37800,515.0,510.0
102234,51300,45100,550.0,545.0
102270,33700,28200,405.0,420.0
102368,41100,37000,503.0,540.0
102377,42200,35500,500.0,500.0
102614,45100,38700,540.0,535.0
104151,55500,47700,565.0,585.0
105589,34300,33200,550.0,510.0
105899,34900,32200,474.0,500.0
106245,39500,34900,490.0,505.0
106342,44800,38600,498.0,535.0
106397,52700,44900,550.0,565.0
106412,30600,27200,477.0,475.0
106458,36600,32200,509.0,560.0
106704,42500,38300,465.0,500.0
106713,43000,35300,438.0,453.0
107044,47000,40900,555.0,545.0
107071,40400,35700,439.0,585.0
107080,44500,39700,620.0,610.0
107141,55400,45800,590.0,540.0
107512,46000,41200,540.0,535.0
107558,38600,33900,445.0,480.0
107585,31600,27500,430.0,435.0
107983,39000,35700,475.0,480.0
109785,55900,51100,505.0,510.0
110097,50700,44500,545.0,540.0
110361,47500,42600,490.0,485.0
110404,106300,85900,770.0,785.0
110413,60200,54200,542.0,555.0
110422,74300,66900,610.0,645.0
110510,48800,44500,440.0,440.0
110529,58000,54000,500.0,530.0
110538,55400,48100,495.0,495.0
110556,48500,44700,450.0,455.0
110565,51800,47200,500.0,520.0
110583,53000,48100,515.0,530.0
110592,49900,46100,435.0,445.0
110608,49700,45400,455.0,460.0
110617,54200,48900,465.0,475.0
110635,79000,64700,685.0,720.0
110644,68100,58200,570.0,620.0
110653,65800,58400,555.0,640.0
110662,73200,60700,640.0,675.0
110671,55300,49700,520.0,545.0
110680,69600,59900,620.0,690.0
110705,62400,55300,605.0,650.0
110714,53800,46900,575.0,600.0
111948,56600,54500,600.0,605.0
112075,50800,46400,519.0,515.0
112084,42500,36700,480.0,475.0
112260,93200,72900,695.0,710.0
113698,63600,55600,507.0,514.0
114813,45600,43900,480.0,475.0
115409,104200,88800,730.0,770.0
115728,57600,50800,446.0,460.0
115755,40100,36600,495.0,485.0
117104,34400,32700,460.0,428.0
117140,52700,49200,510.0,520.0
117627,54600,49500,450.0,455.0
117751,52100,41700,560.0,520.0
117946,71600,61300,605.0,620.0
118693,59700,50900,495.0,506.0
118888,49500,39900,563.0,517.0
119173,63500,53200,460.0,460.0
120184,63900,56400,454.0,455.0
120254,59400,50600,650.0,660.0
120537,40700,36000,470.0,460.0
120865,61700,51700,500.0,485.0
120883,84200,71700,565.0,600.0
121150,77600,65500,600.0,620.0
121309,54400,50900,565.0,570.0
121345,77300,58100,720.0,720.0
121691,57700,55000,540.0,545.0
122409,55900,51000,545.0,565.0
122436,71100,60000,595.0,610.0
122597,54700,49200,485.0,490.0
122612,74000,62300,565.0,575.0
122728,45100,37300,520.0,500.0
122755,63800,56100,505.0,530.0
122931,85300,72600,635.0,665.0
123165,61800,54100,700.0,665.0
123457,39900,34500,498.0,485.0
123554,63600,56300,535.0,520.0
123572,53200,49200,490.0,490.0
123651,48800,41800,475.0,455.0
123961,88800,74000,680.0,710.0
124292,45900,42100,655.0,595.0
125727,58000,51400,585.0,575.0
125763,50900,46800,515.0,510.0
125897,52100,48200,495.0,493.0
126182,38100,35200,472.0,480.0
126562,71200,56400,535.0,540.0
126580,49300,43900,535.0,530.0
126614,59700,50800,580.0,610.0
126775,95600,84900,645.0,690.0
126818,53400,47100,565.0,570.0
127060,65400,56500,605.0,605.0
127185,39400,35200,520.0,510.0
127556,42300,36800,488.0,493.0
127565,44200,40200,500.0,490.0
127741,47100,42000,524.0,515.0
127918,62700,56400,540.0,520.0
128106,41600,37500,480.0,485.0
128391,43400,39000,510.0,495.0
128744,47100,43100,465.0,460.0
128771,51600,47900,500.0,500.0
129020,66000,58400,600.0,630.0
129525,51700,47800,520.0,520.0
129941,54600,52100,520.0,515.0
130183,46500,40900,445.0,445.0
130226,67700,63300,540.0,545.0
130314,52900,52800,500.0,485.0
130448,58900,58100,385.0,403.0
130493,48100,45300,470.0,460.0
130794,124400,83200,755.0,755.0
130934,38400,35800,445.0,450.0
130943,64000,57000,585.0,585.0
131098,45700,42900,415.0,420.0
131159,67700,61000,640.0,605.0
131450,34300,31000,445.0,440.0
131469,82400,69600,638.0,650.0
131496,125200,93500,710.0,710.0
131520,54500,49200,570.0,570.0
132408,36200,31800,435.0,415.0
132471,50900,45800,470.0,460.0
132657,46500,39300,485.0,480.0
132879,31700,29800,510.0,465.0
132903,51200,45400,585.0,590.0
133492,46700,42200,560.0,545.0
133526,28700,25900,410.0,405.0
133650,44700,37600,505.0,485.0
133669,48300,43200,525.0,520.0
133711,42200,38900,540.0,515.0
133809,42700,39100,545.0,520.0
133872,58200,56000,455.0,430.0
133881,61200,56600,555.0,605.0
133951,52000,46300,565.0,555.0
134079,44400,41400,565.0,570.0
134097,53900,46400,600.0,595.0
134130,65700,56000,630.0,645.0
135726,72900,60100,640.0,660.0
136172,49200,43200,570.0,560.0
136215,55600,45300,555.0,555.0
136330,48000,40600,535.0,515.0
137032,50500,43800,500.0,495.0
137351,48500,43500,575.0,585.0
137476,60500,49400,470.0,475.0
137564,37900,34800,490.0,475.0
137847,55100,48600,535.0,540.0
137953,33300,33600,434.0,445.0
137962,33700,29200,425.0,405.0
138275,42500,38600,441.0,445.0
138293,40100,37200,450.0,461.0
138354,43400,38900,525.0,515.0
138558,36300,32900,469.0,465.0
138716,34600,32200,459.0,449.0
138789,44000,39900,500.0,485.0
138868,34700,32500,445.0,465.0
138947,38200,35500,455.0,440.0
139144,43900,40000,580.0,570.0
139199,45400,42000,485.0,460.0
139250,32800,28300,460.0,440.0
139366,38800,35900,490.0,485.0
139393,46700,41200,605.0,570.0
139630,35400,33600,475.0,475.0
139658,84400,66000,680.0,715.0
139719,34700,30900,425.0,430.0
139755,85900,79100,685.0,725.0
139764,40100,36400,490.0,475.0
139861,45200,40500,565.0,560.0
139931,46100,41900,555.0,555.0
139940,48200,43300,540.0,530.0
139959,59100,50500,620.0,620.0
139968,34700,31200,435.0,425.0
140234,45700,39600,510.0,500.0
140252,47200,35600,465.0,460.0
140447,58200,48200,595.0,600.0
140553,49000,41800,490.0,488.0
140696,49400,42100,570.0,555.0
140720,29700,28200,370.0,355.0
140818,43400,40600,490.0,485.0
140872,40500,36600,475.0,485.0
140951,41400,36400,550.0,520.0
140960,35000,31300,410.0,405.0
140988,50100,43200,490.0,460.0
141060,50700,47000,545.0,530.0
141185,32200,29500,485.0,470.0
141237,37100,32600,480.0,477.0
141264,41600,38700,495.0,480.0
141325,37600,29900,534.0,490.0
141334,41700,38200,475.0,465.0
141361,41300,37900,505.0,495.0
141486,41000,38400,475.0,490.0
141565,41800,37900,475.0,490.0
141574,51800,45800,530.0,550.0
142090,32700,29400,545.0,485.0
142115,43100,37100,520.0,513.0
142285,47000,41900,530.0,520.0
142328,38200,34600,465.0,460.0
142461,46300,39600,575.0,545.0
142522,49400,42700,505.0,500.0
143048,40800,33500,585.0,545.0
143118,46200,42700,470.0,480.0
143288,41700,37400,435.0,405.0
143358,58300,53600,550.0,550.0
144005,38200,33800,495.0,575.0
144050,103000,68100,760.0,765.0
144351,42700,39700,510.0,510.0
144962,51600,48300,520.0,515.0
144971,40500,36000,515.0,500.0
145372,39900,36800,470.0,490.0
145497,26700,21100,545.0,523.0
145600,61300,54300,530.0,583.0
145637,70900,61500,635.0,748.0
145646,67300,59100,575.0,690.0
145725,78000,69100,575.0,670.0
146339,47200,42800,525.0,545.0
146612,53600,48800,530.0,565.0
146667,37000,30900,465.0,470.0
146676,34700,30900,340.0,370.0
146719,63500,54100,575.0,570.0
146825,39300,36200,425.0,470.0
147013,50200,45800,485.0,498.0
147244,47200,42900,525.0,470.0
147341,46500,41500,480.0,495.0
147660,52300,47800,535.0,540.0
147679,45600,43700,505.0,511.0
147703,49800,45500,495.0,515.0
147767,93400,69000,725.0,755.0
147776,41900,37900,415.0,460.0
147828,44000,40400,535.0,535.0
148131,46000,39500,505.0,530.0
148405,47800,45200,565.0,515.0
148487,47700,43600,525.0,500.0
148496,49900,47100,525.0,530.0
148584,56500,53100,485.0,525.0
148627,50600,48200,473.0,478.0
148654,49900,44600,511.0,506.0
149222,49500,42900,505.0,500.0
149231,50800,43000,482.0,499.0
149505,44600,42200,517.0,525.0
149514,45400,41100,510.0,525.0
149781,60500,48400,650.0,635.0
150066,41300,37200,500.0,510.0
150136,44600,41100,545.0,535.0
150145,42800,37800,500.0,530.0
150163,68900,56600,580.0,584.0
150400,66100,54000,565.0,595.0
150534,48800,41800,545.0,560.0
150604,46300,44100,475.0,490.0
150668,42400,37700,527.0,507.0
150677,37500,34900,530.0,520.0
150756,51600,46400,525.0,520.0
150774,45300,39900,510.0,500.0
150941,39000,36200,510.0,515.0
151102,39800,36500,485.0,485.0
151111,50700,42500,500.0,510.0
151263,46100,40600,495.0,510.0
151290,49400,42700,450.0,470.0
151306,40200,37000,495.0,490.0
151324,42600,39000,455.0,450.0
151333,40500,36200,465.0,465.0
151342,38100,34900,470.0,475.0
151351,57800,47700,575.0,600.0
151360,40400,36300,460.0,455.0
151379,41800,37900,475.0,460.0
151388,34800,31500,470.0,465.0
151777,43600,40700,485.0,493.0
151786,46600,43300,505.0,515.0
151801,56200,49900,525.0,520.0
152080,98400,78400,715.0,730.0
152099,37200,33600,470.0,495.0
152248,43000,38200,480.0,485.0
152266,44600,39000,485.0,475.0
152318,88500,80900,615.0,700.0
152336,43600,40400,495.0,500.0
152363,45800,41800,470.0,480.0
152381,31900,32300,470.0,458.0
152390,51300,46200,545.0,525.0
152530,42600,38000,550.0,550.0
152567,49600,43300,515.0,555.0
152600,54400,48500,550.0,545.0
152673,64000,56300,540.0,585.0
153001,42600,40000,455.0,465.0
153108,48400,44700,560.0,560.0
153126,44800,41300,477.0,482.0
153144,50000,46200,565.0,580.0
153162,45400,43000,565.0,558.0
153250,45300,41700,525.0,535.0
153269,68700,58300,580.0,615.0
153278,42500,39200,445.0,425.0
153302,36800,34400,485.0,355.0
153320,38700,35400,560.0,500.0
153366,40200,36200,455.0,460.0
153375,45200,43200,455.0,505.0
153384,61000,49100,695.0,730.0
153603,56000,50700,535.0,590.0
153621,39900,39500,490.0,475.0
153658,62000,51900,560.0,610.0
153825,50200,44600,558.0,534.0
153834,53200,47400,511.0,553.0
154095,49700,44600,513.0,540.0
154101,40200,38400,500.0,543.0
154350,51200,47500,525.0,551.0
154493,45500,42900,435.0,435.0
154518,42400,37800,460.0,460.0
154527,50600,45400,471.0,515.0
154590,46400,42100,385.0,420.0
154688,59500,51300,535.0,545.0
154712,45000,40100,528.0,535.0
154721,45100,40200,460.0,475.0
154855,34800,31700,455.0,450.0
155025,40300,37100,515.0,455.0
155089,46900,41800,460.0,470.0
155140,27500,24900,450.0,450.0
155335,47900,44000,471.0,488.0
155414,43300,40300,495.0,490.0
155496,38800,35500,440.0,495.0
155511,43500,39300,520.0,495.0
155520,49600,42900,440.0,445.0
155812,42500,38500,485.0,495.0
155900,54000,46400,450.0,470.0
155937,40500,35700,465.0,490.0
155973,45500,40800,450.0,470.0
156125,45400,40400,530.0,538.0
156189,41600,31700,515.0,505.0
156213,40700,34900,570.0,550.0
156286,50600,45700,540.0,530.0
156295,36300,33700,545.0,565.0
156356,48000,40100,460.0,490.0
156365,35400,33700,465.0,521.0
156408,53800,45500,585.0,625.0
156541,38200,35100,480.0,500.0
156620,39300,36100,520.0,515.0
156745,50500,43000,490.0,475.0
157058,31300,28700,443.0,405.0
157076,41700,36700,505.0,500.0
157085,54000,45100,560.0,565.0
157100,36500,34600,445.0,480.0
157377,37400,34500,430.0,360.0
157386,37000,33100,475.0,475.0
157401,42300,37100,538.0,512.0
157447,41800,37500,515.0,505.0
157535,39000,31100,450.0,445.0
157757,48300,45100,499.0,496.0
157809,58900,49400,495.0,505.0
157951,38600,34700,485.0,490.0
158477,52500,44900,525.0,530.0
158802,37900,35400,470.0,465.0
159009,32800,28100,435.0,455.0
159382,36300,33700,485.0,455.0
159391,60100,50100,560.0,570.0
159416,41000,35700,512.0,484.0
159568,48300,42800,495.0,470.0
159647,49200,41500,535.0,555.0
159656,52300,47100,575.0,555.0
159717,45000,38200,465.0,535.0
159939,43500,37800,540.0,550.0
159966,43800,37500,494.0,546.0
159993,46300,37500,570.0,585.0
160038,39600,34300,485.0,505.0
160621,39600,34700,480.0,490.0
160658,46400,39900,525.0,535.0
160755,86300,61700,665.0,660.0
160904,64500,49800,508.0,493.0
161022,53100,49000,450.0,455.0
161086,71000,58100,678.0,693.0
161235,37700,33400,450.0,438.0
161253,48300,42500,530.0,540.0
161299,107200,95600,505.0,530.0
161457,51000,46300,520.0,525.0
161518,47000,43400,470.0,445.0
161554,44400,38700,495.0,485.0
161873,63400,58000,475.0,445.0
162007,48700,45800,440.0,420.0
162061,68100,63900,495.0,515.0
162210,46300,42600,440.0,420.0
162283,41800,38100,415.0,420.0
162584,47200,44600,480.0,485.0
162928,89300,73200,730.0,755.0
163268,59600,55000,600.0,620.0
163286,70800,62900,640.0,675.0
163295,41200,37300,590.0,565.0
163338,40400,36600,440.0,430.0
163453,42600,40500,450.0,450.0
163462,56600,52600,530.0,520.0
163578,56400,51800,535.0,515.0
163912,55200,52200,575.0,550.0
163976,42000,36900,670.0,640.0
164076,55100,50800,535.0,535.0
164173,54600,49600,510.0,510.0
164270,54000,49700,545.0,550.0
164447,50000,46000,435.0,441.0
164465,83300,65000,728.0,730.0
164580,113300,96100,605.0,665.0
164614,37500,33600,510.0,515.0
164632,44800,42700,488.0,468.0
164720,49400,43800,515.0,510.0
164739,95400,86900,565.0,610.0
164924,92500,72500,670.0,690.0
164988,75900,65300,635.0,685.0
165015,69000,57900,660.0,715.0
165024,47900,45300,495.0,495.0
165529,51100,45900,470.0,470.0
165644,46100,42300,480.0,485.0
165662,51200,46600,630.0,595.0
165671,54400,49700,560.0,555.0
165820,47400,45700,495.0,495.0
165866,49000,45800,490.0,500.0
165936,47700,41700,525.0,525.0
166027,139100,89700,755.0,760.0
166391,45700,43000,485.0,480.0
166452,40500,38700,545.0,515.0
166513,57200,53300,570.0,595.0
166629,57700,51400,600.0,630.0
166638,53700,48200,525.0,545.0
166656,106500,116000,510.0,555.0
166674,40700,36200,545.0,520.0
166683,153600,104700,745.0,780.0
166692,96000,86600,510.0,540.0
167288,38300,35800,515.0,495.0
167358,74200,67400,695.0,725.0
167394,49600,46200,478.0,470.0
167729,47100,43500,495.0,495.0
167783,58400,55800,600.0,570.0
167899,48500,45100,500.0,510.0
167987,51500,48200,505.0,515.0
168005,59900,53100,505.0,510.0
168148,103300,75800,715.0,730.0
168218,71800,60800,705.0,700.0
168227,67300,65100,535.0,580.0
168254,61300,54900,530.0,560.0
168263,48900,46100,490.0,500.0
168290,37400,37900,453.0,455.0
168342,89800,59000,720.0,715.0
168430,52400,48200,500.0,510.0
168528,42800,38600,463.0,465.0
168546,55700,47400,510.0,535.0
168591,46500,42200,505.0,527.0
168740,47800,45200,560.0,540.0
169080,48700,44800,578.0,590.0
169248,46200,41900,510.0,505.0
169716,53700,47100,540.0,580.0
169798,43900,39300,510.0,515.0
169910,49600,44500,515.0,530.0
169983,78500,80500,590.0,640.0
170037,40800,35400,505.0,495.0
170082,47200,42800,523.0,530.0
170301,50700,46200,565.0,570.0
170639,42000,37700,485.0,475.0
170675,60500,55300,540.0,610.0
170842,31600,28700,475.0,450.0
170967,39000,35300,485.0,475.0
170976,79000,63400,685.0,720.0
171100,63200,53600,520.0,605.0
171128,66800,66400,578.0,624.0
171146,44500,40600,534.0,542.0
171456,39800,35500,315.0,535.0
171492,54900,48900,480.0,515.0
171571,48100,43100,418.0,540.0
171599,42200,38400,495.0,530.0
171881,35200,28600,550.0,450.0
172051,42700,39300,544.0,457.0
172334,45000,41000,515.0,500.0
172440,38700,32400,420.0,415.0
172644,52300,40800,550.0,572.0
172699,50500,45000,508.0,500.0
173045,53200,46800,530.0,525.0
173142,37600,34800,500.0,510.0
173160,52600,47300,593.0,534.0
173258,67900,54200,715.0,715.0
173452,37400,37300,615.0,615.0
173665,55500,49200,540.0,555.0
173902,55800,47600,685.0,690.0
173920,48400,44900,461.0,536.0
174066,61200,51900,630.0,685.0
174075,49100,44800,440.0,510.0
174127,43200,35400,570.0,495.0
174233,56300,47200,530.0,560.0
174251,44400,40700,535.0,610.0
174358,44900,40600,480.0,535.0
174437,35800,34600,523.0,499.0
174491,43400,38500,555.0,540.0
174525,31700,28800,375.0,395.0
174747,57000,52600,510.0,495.0
174783,48600,44200,485.0,565.0
174792,67100,60600,515.0,525.0
174817,50400,47800,500.0,505.0
174844,57300,50400,625.0,635.0
174862,40100,35100,430.0,455.0
174899,56000,51400,490.0,515.0
174914,62900,56800,580.0,590.0
175005,51100,49200,545.0,533.0
175078,41400,37600,410.0,510.0
175272,48600,44700,475.0,455.0
175342,35000,31100,455.0,460.0
175430,29200,31400,510.0,540.0
175616,37600,33700,480.0,515.0
175856,33700,30000,465.0,475.0
175980,54500,48100,567.0,577.0
176017,56600,42700,555.0,560.0
176035,38900,34100,465.0,615.0
176053,44900,38300,560.0,532.0
176372,42700,36400,485.0,580.0
176406,32400,27500,500.0,515.0
176479,40500,34700,475.0,490.0
176628,49700,44100,460.0,490.0
176789,39200,36800,425.0,380.0
176910,30600,29700,580.0,545.0
176947,39500,35400,430.0,485.0
177117,34700,33500,500.0,480.0
177144,40100,36600,455.0,470.0
177214,36200,32200,550.0,565.0
177339,40900,35800,530.0,490.0
177746,33200,31200,570.0,515.0
177968,47000,41300,500.0,525.0
178059,51100,47200,495.0,530.0
178244,39200,35600,475.0,465.0
178396,56600,48300,570.0,585.0
178402,57200,45700,580.0,560.0
178411,72400,71200,631.0,651.0
178420,49200,42900,495.0,515.0
178615,50500,44500,615.0,585.0
178624,43700,40000,445.0,550.0
178679,33900,30500,515.0,508.0
178697,35300,32500,546.0,547.0
179043,57300,50800,556.0,521.0
179159,64900,56500,600.0,620.0
179265,110600,124100,558.0,636.0
179326,37400,33700,490.0,490.0
179548,41000,33900,537.0,505.0
179557,41400,37000,487.0,521.0
179566,44500,39300,540.0,552.0
179867,87900,70100,730.0,755.0
179894,47900,42300,578.0,578.0
179946,49800,42700,505.0,510.0
179955,51300,45700,573.0,560.0
179964,40300,36500,500.0,490.0
180106,49200,45900,545.0,560.0
180416,52100,41700,535.0,570.0
180461,48900,43200,560.0,570.0
180489,43300,35500,545.0,530.0
180522,40400,37100,450.0,459.0
180595,47100,38800,497.0,496.0
180984,44100,40100,488.0,509.0
181002,70100,59700,575.0,590.0
181020,48200,44300,480.0,540.0
181093,34800,31400,498.0,417.0
181127,47500,44400,480.0,470.0
181215,45800,41300,445.0,480.0
181330,44400,39900,470.0,478.0
181394,49300,44200,525.0,545.0
181446,52500,46000,530.0,560.0
181464,52700,46400,555.0,580.0
181738,47700,40800,528.0,502.0
181853,39000,35400,455.0,435.0
182281,49600,45000,505.0,510.0
182290,56300,47000,535.0,550.0
182458,46600,42100,465.0,485.0
182670,110200,75500,725.0,730.0
182795,45000,39700,480.0,490.0
183044,57700,51400,540.0,555.0
183062,45800,42400,490.0,485.0
183071,57700,51400,545.0,555.0
183239,63200,58300,565.0,570.0
183822,42700,38200,425.0,435.0
183910,48700,44400,465.0,495.0
183974,49700,45800,465.0,475.0
184603,54400,48100,480.0,490.0
184612,52800,47300,445.0,455.0
184694,54400,48100,510.0,520.0
184773,43600,44400,465.0,480.0
184782,55400,50000,550.0,575.0
185129,46000,42700,425.0,450.0
185262,48400,46100,455.0,465.0
185572,55900,50500,505.0,520.0
185828,70300,68500,575.0,635.0
186131,116300,74700,740.0,755.0
186201,56300,53200,535.0,545.0
186283,54100,50600,503.0,510.0
186371,68100,57900,495.0,510.0
186380,68100,57900,590.0,640.0
186399,68100,57900,485.0,520.0
186432,50900,45800,460.0,470.0
186584,63700,57200,575.0,585.0
186618,49200,43400,412.0,410.0
186867,91900,89200,645.0,705.0
186876,50700,47500,520.0,540.0
187134,64900,58500,590.0,610.0
187444,49100,46600,490.0,495.0
187648,34800,29500,451.0,461.0
187912,48200,39700,440.0,480.0
187967,58500,50000,620.0,610.0
187985,43900,36400,535.0,540.0
188030,40300,34600,465.0,480.0
188182,41000,36200,438.0,418.0
188429,63000,58500,550.0,560.0
188526,114200,124700,550.0,590.0
188641,47300,41400,505.0,520.0
189097,69700,57900,690.0,680.0
189705,51100,47300,535.0,545.0
189848,38800,37100,490.0,477.0
190044,74200,72000,570.0,612.0
190099,81100,63600,680.0,695.0
190150,115600,83300,745.0,755.0
190248,53100,48000,465.0,455.0
190415,101200,77200,700.0,730.0
190512,63600,57200,595.0,645.0
190549,48800,43900,535.0,570.0
190567,50900,46300,535.0,585.0
190594,51800,47200,570.0,590.0
190600,50000,44900,485.0,495.0
190637,47500,43100,495.0,500.0
190664,52900,48200,525.0,565.0
190691,45300,40800,430.0,455.0
190716,51700,46400,490.0,505.0
190761,52500,46300,440.0,445.0
191241,67000,59200,630.0,640.0
191515,74300,60200,695.0,695.0
191533,49500,45800,495.0,500.0
191630,62700,53500,630.0,625.0
191649,59900,53100,580.0,585.0
191676,42400,37400,555.0,547.0
191931,60900,56100,500.0,495.0
192192,46700,43800,465.0,480.0
192271,48900,46000,472.0,455.0
192323,55600,49600,545.0,560.0
192448,58400,49000,525.0,540.0
192703,70800,65000,540.0,565.0
192864,45500,41400,540.0,510.0
192925,44200,39400,450.0,435.0
193292,64100,60500,535.0,540.0
193353,51700,51600,490.0,490.0
193399,61000,54400,445.0,435.0
193645,38400,33900,460.0,470.0
193654,55200,44500,580.0,575.0
193900,78600,61900,670.0,695.0
193973,45300,42800,510.0,520.0
194091,68100,55100,515.0,550.0
194116,53300,52200,478.0,512.0
194161,46700,41300,452.0,447.0
194310,66800,60300,525.0,525.0
194578,48900,43400,575.0,590.0
194824,86000,82000,660.0,720.0
194958,45700,40900,525.0,535.0
195003,67800,62400,600.0,635.0
195164,52700,47700,520.0,527.0
195173,50300,45700,465.0,465.0
195243,50500,46900,474.0,471.0
195304,48000,43000,670.0,615.0
195526,57000,49700,615.0,610.0
195544,53900,50400,500.0,505.0
195720,52500,47800,520.0,540.0
195809,62400,55200,530.0,545.0
196006,45500,41800,465.0,480.0
196015,39600,35700,455.0,460.0
196033,39500,35000,505.0,500.0
196042,55800,51700,475.0,495.0
196051,38400,35200,435.0,435.0
196060,57600,51500,535.0,545.0
196079,68100,61600,645.0,670.0
196088,62100,52600,565.0,605.0
196097,62600,57600,605.0,655.0
196103,49800,45600,575.0,590.0
196112,55900,51000,565.0,595.0
196121,45500,42600,500.0,520.0
196130,42200,39800,440.0,438.0
196149,49200,47000,520.0,545.0
196158,44700,41700,510.0,500.0
196167,53400,48800,595.0,600.0
196176,48700,45000,550.0,555.0
196185,46700,43400,535.0,535.0
196194,47100,43900,545.0,550.0
196219,41300,35200,555.0,520.0
196237,47500,44300,490.0,480.0
196246,46200,42400,545.0,555.0
196291,86200,82800,545.0,575.0
196413,69200,62100,580.0,610.0
197027,98600,88100,615.0,655.0
197133,61500,54600,710.0,705.0
197151,47800,41800,535.0,548.0
197230,39200,35100,495.0,493.0
197708,78800,58500,610.0,615.0
197869,43600,38800,565.0,570.0
197911,39400,38100,470.0,475.0
197984,44400,38200,485.0,500.0
198109,49900,48600,465.0,475.0
198136,58000,45900,505.0,520.0
198215,42700,39400,485.0,485.0
198303,36200,34300,403.0,405.0
198385,71100,58900,675.0,670.0
198419,114500,84400,725.0,750.0
198464,45800,40500,520.0,530.0
198507,32200,30400,430.0,440.0
198516,58700,51900,595.0,595.0
198543,34600,31200,435.0,435.0
198561,41600,38700,490.0,495.0
198598,41000,36900,445.0,460.0
198695,42900,39000,544.0,554.0
198747,40300,33900,515.0,480.0
198756,31400,28400,420.0,408.0
198835,43600,38500,485.0,495.0
198862,26100,23400,365.0,360.0
198871,30000,26900,405.0,410.0
198899,33800,31500,470.0,470.0
198950,43500,39500,512.0,510.0
198969,43700,39300,470.0,490.0
199032,42500,37000,485.0,470.0
199069,43700,39500,530.0,555.0
199102,39300,34700,460.0,470.0
199111,38800,34500,585.0,560.0
199120,68800,55600,650.0,665.0
199139,50300,44000,550.0,565.0
199148,40900,37500,525.0,515.0
199157,35300,32900,435.0,440.0
199184,46700,35500,585.0,550.0
199193,59500,52500,615.0,645.0
199209,41900,38600,445.0,460.0
199218,46600,41600,595.0,600.0
199272,36900,36000,461.0,444.0
199281,36400,34400,470.0,455.0
199306,45000,39200,450.0,465.0
199412,49400,42200,520.0,520.0
199458,33000,30800,423.0,509.0
199582,30000,27300,365.0,365.0
199607,37400,36300,545.0,530.0
199698,40100,37200,435.0,485.0
199962,55700,43200,515.0,520.0
199999,37200,33200,435.0,435.0
200004,41300,37700,505.0,510.0
200059,49300,41700,490.0,535.0
200156,49600,43800,505.0,510.0
200217,53000,48000,533.0,518.0
200226,43300,39300,375.0,429.0
200253,46900,41200,485.0,520.0
200280,57800,48700,530.0,545.0
200332,55500,48200,570.0,575.0
200484,31700,27000,433.0,413.0
200572,41700,39300,440.0,440.0
200800,41800,36500,515.0,530.0
201104,42900,40400,541.0,524.0
201441,45300,40500,510.0,515.0
201548,48400,44000,525.0,540.0
201645,89300,74600,660.0,725.0
201654,46800,41300,600.0,595.0
201690,28600,26100,385.0,385.0
201821,56100,56200,502.0,477.0
201858,36800,32700,466.0,457.0
201885,49700,42300,575.0,585.0
202046,41600,36600,570.0,545.0
202134,46400,41300,515.0,510.0
202480,61400,55100,555.0,575.0
202514,46500,41000,470.0,430.0
202523,57600,48800,635.0,650.0
202763,49100,43200,515.0,475.0
203085,45700,39300,475.0,490.0
203128,46900,42700,475.0,479.0
203368,61100,53800,540.0,555.0
203517,42400,38000,525.0,530.0
203535,54500,48700,675.0,660.0
203580,40600,36200,465.0,465.0
203757,41300,36500,470.0,510.0
203775,48100,41700,480.0,465.0
203845,57700,45800,530.0,560.0
204024,55400,47100,600.0,640.0
204185,48600,42900,485.0,515.0
204194,50000,43600,530.0,520.0
204200,44600,41400,500.0,515.0
204264,43500,39600,485.0,515.0
204468,43900,42600,453.0,455.0
204501,45500,40800,680.0,670.0
204617,47100,41000,470.0,485.0
204635,72600,63500,555.0,578.0
204796,53600,46100,605.0,680.0
204857,45800,40500,545.0,550.0
204936,46900,43100,565.0,550.0
205957,42700,37700,605.0,565.0
206084,52800,43800,520.0,545.0
206330,40400,35200,455.0,440.0
206349,50400,47800,505.0,495.0
206437,48300,43500,495.0,500.0
206491,38400,34200,425.0,410.0
206507,41900,40000,460.0,460.0
206589,53000,46300,595.0,615.0
206604,46100,39500,530.0,540.0
206613,46100,39500,436.0,486.0
206622,58200,51600,535.0,565.0
206695,40200,35900,480.0,490.0
206817,37000,34500,420.0,410.0
206835,53500,50900,460.0,505.0
207041,42200,36800,400.0,535.0
207157,38700,34500,450.0,420.0
207263,41000,35800,474.0,510.0
207324,43300,38500,545.0,535.0
207388,55300,46500,535.0,550.0
207403,45000,40500,530.0,513.0
207458,51100,42800,565.0,544.0
207500,61900,51100,593.0,610.0
207582,43100,37600,509.0,500.0
207722,36400,32000,448.0,465.0
207856,32300,29300,430.0,430.0
207971,60500,48500,620.0,625.0
208488,49100,43300,505.0,495.0
208646,44100,41200,465.0,470.0
208822,51000,45100,540.0,540.0
209056,55000,46200,645.0,635.0
209065,60300,55200,525.0,510.0
209409,45700,43100,487.0,485.0
209506,57800,56600,510.0,530.0
209542,56700,49600,555.0,560.0
209551,51300,44800,550.0,550.0
209612,51400,46600,560.0,560.0
209807,50800,44700,530.0,515.0
209825,62500,58800,600.0,590.0
209922,52700,42200,705.0,675.0
210146,43400,39000,520.0,495.0
210331,40200,37600,540.0,520.0
210429,43400,39700,480.0,475.0
210739,54700,49700,535.0,525.0
210775,47300,44500,490.0,495.0
211088,48000,44100,555.0,550.0
211158,48100,44500,480.0,490.0
211273,61000,54600,670.0,665.0
211291,82400,70800,630.0,660.0
211352,49600,46600,485.0,480.0
211361,44800,41600,465.0,455.0
211431,44200,39700,490.0,480.0
211440,103000,83600,705.0,760.0
211468,48700,46700,495.0,490.0
211477,37700,35300,390.0,395.0
211583,46800,43600,480.0,480.0
211644,40600,37900,470.0,470.0
211981,44700,42100,490.0,490.0
212054,78000,68800,575.0,615.0
212106,68200,58500,568.0,575.0
212115,47200,44600,470.0,470.0
212133,48100,42500,520.0,515.0
212160,38100,35400,480.0,470.0
212197,55000,51300,555.0,520.0
212601,55100,48100,505.0,520.0
212656,43300,38700,530.0,535.0
212832,56500,54300,465.0,470.0
212911,75100,60700,710.0,710.0
212984,54300,52700,465.0,465.0
212993,36800,34500,495.0,470.0
213011,54700,50600,495.0,475.0
213020,44200,40800,475.0,470.0
213303,36800,33100,445.0,430.0
213349,43900,41600,490.0,490.0
213358,42800,40400,455.0,460.0
213367,61100,58000,490.0,485.0
213385,80500,68600,630.0,665.0
213400,37900,34300,515.0,495.0
213507,48500,45800,540.0,555.0
213543,94100,81900,635.0,690.0
213598,36200,34600,420.0,418.0
213613,43400,41500,470.0,475.0
213668,49400,45700,510.0,520.0
213774,41300,38100,390.0,390.0
213783,41300,38600,480.0,480.0
213826,43200,39600,510.0,520.0
213996,50500,45100,570.0,575.0
214041,46000,43500,515.0,515.0
214069,54400,50400,520.0,525.0
214157,55100,51100,505.0,505.0
214166,43200,40800,470.0,480.0
214175,65300,59400,610.0,615.0
214272,47200,44300,445.0,445.0
214591,57200,50100,515.0,575.0
214625,57200,50100,508.0,520.0
214634,57200,50100,480.0,460.0
214643,57200,50100,480.0,515.0
214652,57200,50100,470.0,485.0
214670,57200,50100,505.0,535.0
214689,57200,50100,490.0,515.0
214698,57200,50100,498.0,528.0
214704,57200,50100,485.0,505.0
214713,57200,50100,495.0,575.0
214731,57200,50100,475.0,495.0
214740,57200,50100,485.0,515.0
214759,57200,50100,480.0,480.0
214768,57200,50100,505.0,510.0
214777,57200,50100,580.0,615.0
214786,57200,50100,480.0,505.0
214795,57200,50100,480.0,495.0
214801,57200,50100,475.0,525.0
214810,57200,50100,465.0,470.0
214829,57200,50100,515.0,550.0
215062,131600,85900,725.0,750.0
215099,54800,51200,520.0,525.0
215105,39100,32600,530.0,495.0
215114,38700,34800,517.0,510.0
215132,92400,91600,570.0,595.0
215266,61200,53900,485.0,495.0
215275,61200,53900,510.0,508.0
215284,61200,53900,500.0,520.0
215293,61200,53900,635.0,650.0
215309,61200,53900,455.0,453.0
215442,42400,37100,510.0,490.0
215594,60400,63800,482.0,450.0
215655,53100,47700,515.0,525.0
215691,46700,44700,455.0,455.0
215743,57400,52200,525.0,535.0
215770,65900,59600,565.0,575.0
215798,52100,47600,525.0,525.0
215929,62300,57500,555.0,570.0
215974,53100,55500,505.0,520.0
216010,48200,45000,480.0,490.0
216038,44800,41700,495.0,505.0
216287,70000,56700,703.0,715.0
216357,41700,37600,460.0,465.0
216551,51400,46600,445.0,429.0
216597,87600,77900,650.0,670.0
216694,51200,45300,485.0,480.0
216764,51200,48400,525.0,535.0
216807,47200,43200,525.0,525.0
216852,59100,53400,505.0,525.0
216931,58600,51600,498.0,515.0
217013,34000,33100,450.0,470.0
217059,52200,50400,515.0,525.0
217156,89100,67500,730.0,740.0
217402,73400,64100,560.0,575.0
217420,43900,41400,455.0,450.0
217484,58400,52900,530.0,540.0
217493,56400,51100,605.0,605.0
217633,38400,35200,528.0,510.0
217688,40600,36900,510.0,500.0
217819,48700,40700,550.0,545.0
217864,59600,56800,525.0,530.0
217873,30700,28500,450.0,440.0
217882,58900,52400,610.0,635.0
217907,37100,32800,480.0,490.0
217925,31400,29900,535.0,529.0
217934,36200,34600,480.0,465.0
217961,34800,33900,525.0,495.0
217998,41500,37400,505.0,505.0
218061,36900,33100,465.0,455.0
218229,38100,34200,490.0,495.0
218238,41600,37400,500.0,520.0
218414,37600,36900,460.0,475.0
218441,36200,34400,525.0,585.0
218539,50800,44500,550.0,555.0
218645,40800,37100,485.0,480.0
218654,40400,36800,470.0,465.0
218663,53900,44900,605.0,605.0
218672,53900,44900,435.0,435.0
218681,29200,26600,405.0,410.0
218690,39400,34300,470.0,455.0
218706,35400,32800,380.0,375.0
218724,44500,38500,500.0,510.0
218733,32500,29800,395.0,382.0
218742,41300,36900,475.0,475.0
218821,35000,32900,420.0,435.0
218964,39800,35900,515.0,508.0
218973,59800,51500,575.0,585.0
219000,49500,43700,525.0,555.0
219046,40500,35900,505.0,485.0
219082,43100,38700,505.0,508.0
219091,40900,37200,430.0,475.0
219259,37300,35300,465.0,495.0
219295,38100,34700,447.0,475.0
219347,62400,56500,560.0,605.0
219356,50200,44400,510.0,515.0
219383,44800,40100,535.0,525.0
219471,49500,42000,525.0,520.0
219578,48700,45900,600.0,565.0
219602,38800,34900,516.0,513.0
219709,51500,44100,580.0,565.0
219718,43100,38600,453.0,475.0
219790,44500,41300,599.0,554.0
219806,41300,36000,480.0,500.0
219949,43000,38700,455.0,475.0
219976,51500,43200,569.0,560.0
220075,40600,35100,505.0,520.0
220181,36300,35000,480.0,435.0
220215,41100,37100,519.0,477.0
220312,32700,30300,455.0,450.0
220473,31700,29800,540.0,560.0
220613,37800,34200,535.0,515.0
220631,41600,38200,500.0,500.0
220710,44000,39000,505.0,505.0
220808,28300,27100,530.0,485.0
220862,43200,37400,525.0,505.0
220978,44400,38700,535.0,520.0
221351,64800,53600,625.0,640.0
221731,43700,38500,465.0,495.0
221740,42600,38100,535.0,520.0
221759,56700,45100,570.0,575.0
221768,40100,36200,538.0,535.0
221847,46700,40500,525.0,550.0
221892,49000,40500,520.0,515.0
221953,42500,38300,457.0,485.0
221971,49600,43200,595.0,565.0
221999,86200,69000,745.0,760.0
222178,48900,43000,520.0,525.0
222831,46300,40200,480.0,485.0
222983,52800,48200,600.0,605.0
223232,58400,51600,600.0,615.0
224004,51300,44500,485.0,495.0
224147,48600,43400,475.0,480.0
224226,49200,43200,560.0,550.0
224244,45500,38900,424.0,463.0
224323,51400,47400,590.0,575.0
224527,43600,40500,475.0,485.0
224545,39200,35900,520.0,540.0
224554,41900,39300,485.0,490.0
225247,48300,43300,505.0,525.0
225399,52300,45800,520.0,520.0
225414,52900,47900,505.0,515.0
225432,49300,45000,440.0,465.0
225511,60600,51600,560.0,585.0
225548,40500,37600,475.0,475.0
225575,34200,30800,400.0,405.0
225627,52500,46500,445.0,450.0
226091,46000,39500,475.0,480.0
226152,46700,45800,450.0,470.0
226231,56800,48200,575.0,580.0
226383,50500,41800,535.0,510.0
226471,48700,44200,505.0,515.0
226587,46400,41000,445.0,480.0
226833,47000,41100,485.0,490.0
227216,49300,45000,545.0,545.0
227331,42500,39300,455.0,465.0
227368,44200,41900,470.0,480.0
227429,29800,27700,395.0,415.0
227526,40700,35700,420.0,425.0
227757,91600,65400,730.0,760.0
227845,55700,46500,560.0,545.0
227863,59600,49600,538.0,545.0
227881,49700,44600,485.0,485.0
228042,44300,40200,490.0,500.0
228149,52000,46600,515.0,525.0
228246,77900,60700,650.0,665.0
228325,38700,35700,455.0,460.0
228343,63400,54000,590.0,575.0
228431,46400,41900,485.0,495.0
228459,51100,45700,510.0,515.0
228468,47100,41500,465.0,450.0
228501,41400,37900,415.0,425.0
228529,47700,42500,470.0,480.0
228705,49300,42600,470.0,485.0
228723,67800,58000,580.0,610.0
228769,54000,48700,520.0,550.0
228778,73900,58200,620.0,655.0
228787,61400,53100,610.0,650.0
228796,43300,40000,455.0,470.0
228802,50500,44200,525.0,525.0
228875,62600,52800,580.0,595.0
228981,51100,45600,480.0,495.0
229018,52300,46100,475.0,480.0
229027,49600,45300,505.0,520.0
229063,37600,31300,403.0,405.0
229115,61600,51400,545.0,565.0
229160,44400,42000,495.0,503.0
229179,49100,44700,465.0,475.0
229267,68000,54900,635.0,630.0
229780,47200,41300,445.0,460.0
229814,46700,42700,475.0,480.0
230038,71500,59700,635.0,635.0
230047,49100,42200,536.0,530.0
230603,45500,39800,515.0,505.0
230728,49600,43200,550.0,550.0
230764,63500,53000,580.0,595.0
230807,58100,49800,555.0,550.0
230834,40800,37900,479.0,485.0
230852,54400,45400,575.0,555.0
230913,35600,33200,476.0,445.0
230931,35900,33400,475.0,475.0
230959,71900,58200,685.0,703.0
231086,38900,34200,440.0,440.0
231174,55200,47300,600.0,600.0
231420,49000,41800,455.0,454.0
231554,46000,40900,445.0,455.0
231581,46600,42500,510.0,500.0
231624,74500,58500,680.0,680.0
231651,45600,41600,535.0,498.0
231712,52000,46900,580.0,575.0
232025,45000,40700,510.0,495.0
232043,44700,40300,515.0,515.0
232089,41100,37300,430.0,435.0
232186,63900,59900,575.0,580.0
232256,59000,52200,558.0,563.0
232265,50100,44700,470.0,480.0
232308,37900,35400,587.0,540.0
232423,63300,56600,560.0,565.0
232557,41400,36700,540.0,530.0
232566,45300,41500,490.0,480.0
232609,48800,43600,510.0,510.0
232672,39500,37200,500.0,470.0
232681,56200,51400,565.0,545.0
232706,57000,53600,485.0,485.0
232937,38800,35800,375.0,365.0
232982,48700,43700,505.0,505.0
233295,54800,49100,545.0,538.0
233301,41500,39700,520.0,505.0
233374,78900,64500,650.0,670.0
233426,52000,44700,550.0,535.0
233541,52300,45800,505.0,495.0
233611,39100,36000,525.0,509.0
233718,43500,38200,540.0,490.0
233897,43800,38400,485.0,475.0
233921,67100,62500,590.0,620.0
234030,49700,44000,550.0,540.0
234076,79400,61200,670.0,680.0
234085,65200,65700,575.0,575.0
234155,38400,35200,410.0,405.0
234173,44100,40700,480.0,475.0
234207,93300,76100,690.0,700.0
234827,50100,46500,530.0,525.0
235097,46700,43100,480.0,485.0
235167,36900,33200,550.0,500.0
235316,63800,56100,600.0,605.0
236133,46300,41300,539.0,520.0
236230,53500,49400,550.0,555.0
236452,51600,47800,508.0,515.0
236577,54200,49100,560.0,550.0
236595,63200,56500,590.0,590.0
236896,50900,46400,530.0,535.0
236939,56600,50600,520.0,528.0
236948,69600,57700,600.0,645.0
237011,50600,45800,560.0,545.0
237057,59400,51300,660.0,650.0
237066,48000,42100,570.0,560.0
237118,47000,40400,470.0,480.0
237136,33200,26700,518.0,404.0
237181,44200,40400,440.0,440.0
237215,31900,26600,475.0,495.0
237312,46800,40800,460.0,471.0
237330,35700,32300,495.0,485.0
237358,40200,37400,475.0,485.0
237367,38400,33000,460.0,460.0
237385,38400,33800,420.0,430.0
237525,41700,35600,513.0,495.0
237640,40400,37200,450.0,505.0
237792,43000,39700,495.0,480.0
237899,33800,29800,462.0,450.0
237932,39500,36400,455.0,455.0
237950,52700,45800,445.0,505.0
237969,48800,43600,490.0,505.0
238032,52700,45800,508.0,515.0
238078,49600,46200,480.0,495.0
238333,47700,42400,600.0,618.0
238430,55400,48500,507.0,500.0
238458,47000,44200,539.0,510.0
238476,50100,44700,525.0,505.0
238661,47600,43300,522.0,495.0
238980,45100,42800,440.0,465.0
239017,48700,44100,624.0,646.0
239105,70700,62600,575.0,580.0
239318,71100,71300,605.0,645.0
239628,51300,45500,510.0,500.0
239716,51300,46400,535.0,560.0
240107,47400,43200,460.0,460.0
240189,45800,42600,470.0,530.0
240338,45300,41300,545.0,590.0
240444,68000,56200,610.0,700.0
240727,54200,47300,535.0,550.0
243665,35500,32000,420.0,382.0
243744,141300,94000,730.0,750.0
243780,62200,55100,575.0,620.0
366711,51100,47300,475.0,485.0
377555,69600,57700,505.0,535.0
377564,69600,57700,490.0,490.0
392840,42000,36500,553.0,475.0
407009,55500,47700,534.0,530.0
420574,55500,47700,550.0,582.0
431600,50700,51000,495.0,510.0
433660,45800,42100,540.0,530.0
436818,66000,58400,490.0,495.0
436827,66000,58400,500.0,515.0
436836,66000,58400,495.0,490.0
439701,47100,39100,510.0,508.0
440828,56700,49600,535.0,510.0
443410,82400,80200,605.0,610.0
446048,33700,32800,560.0,540.0
448840,48500,43500,590.0,555.0
448886,55500,47700,535.0,535.0
451671,48500,43500,570.0,535.0
456959,61200,51900,500.0,540.0
479956,57200,50100,530.0,505.0
482149,70600,62300,520.0,520.0
482680,46200,41900,470.0,450.0
484473,65700,56000,585.0,565.0
484905,49300,45000,440.0,470.0
